{
  "ckpt": "checkpoints/ch_smooth_v1/epoch=1-val_loss=0.258.ckpt",
  "seed": 20260418,
  "mlm_probability": 0.0375,
  "max_samples": 5000,
  "datasets": {
    "promoter_val": {
      "n_samples": 5000,
      "seq_len": 30,
      "fcb_tuned": {
        "loss": 0.2423688174818923,
        "ppl": 1.2742640972137451,
        "top1": 0.9214654061022776,
        "top5": 0.9866781263429308,
        "n_masked": 18616
      },
      "uniform": {
        "loss": 10.832200050354004,
        "ppl": 50624.9609375,
        "top1": 1.9753086419753087e-05,
        "top5": 9.876543209876543e-05,
        "n_masked": 18616
      },
      "unigram": {
        "loss": 3.3003809452056885,
        "ppl": 27.122968673706055,
        "top1": 0.24231843650341034,
        "top5": 0.6662548184394836,
        "n_masked": 18616
      },
      "copy_left": {
        "loss": 3.866675615310669,
        "ppl": 47.78327178955078,
        "top1": 0.711323618888855,
        "top5": 0.711323618888855,
        "n_masked": 18616
      }
    },
    "crm_ood": {
      "n_samples": 5000,
      "seq_len": 509,
      "fcb_tuned": {
        "loss": 0.6072965520586638,
        "ppl": 1.8354625701904297,
        "top1": 0.8800659997937507,
        "top5": 0.9398783128802722,
        "n_masked": 9697
      },
      "uniform": {
        "loss": 10.832199096679688,
        "ppl": 50624.9140625,
        "top1": 1.9753086419753087e-05,
        "top5": 9.876543209876543e-05,
        "n_masked": 9697
      },
      "unigram": {
        "loss": 2.323859453201294,
        "ppl": 10.215023040771484,
        "top1": 0.5690419673919678,
        "top5": 0.7719913125038147,
        "n_masked": 9697
      },
      "copy_left": {
        "loss": 3.2992520332336426,
        "ppl": 27.09236717224121,
        "top1": 0.7548726201057434,
        "top5": 0.7548726201057434,
        "n_masked": 9697
      }
    },
    "genome_ood": {
      "n_samples": 5000,
      "seq_len": 512,
      "fcb_tuned": {
        "loss": 4.629219474863442,
        "ppl": 102.43408966064453,
        "top1": 0.4569520108069802,
        "top5": 0.5932185091682168,
        "n_masked": 361248
      },
      "uniform": {
        "loss": 10.832199096679688,
        "ppl": 50624.9140625,
        "top1": 1.9753086419753087e-05,
        "top5": 9.876543209876543e-05,
        "n_masked": 361248
      },
      "unigram": {
        "loss": 3.00935959815979,
        "ppl": 20.274412155151367,
        "top1": 0.41076213121414185,
        "top5": 0.6621794700622559,
        "n_masked": 361248
      },
      "copy_left": {
        "loss": 4.527163028717041,
        "ppl": 92.49578094482422,
        "top1": 0.6606320142745972,
        "top5": 0.6606320142745972,
        "n_masked": 361248
      }
    }
  }
}